type,morbidly obese,normal,obese,overweight,underweight
Year 5,197.10133430042657,2227.724795553989,1493.6863872897152,2297.724229423722,79.50542166133339
Year 4,198.8479286926632,2221.7626123018404,1497.9892970191704,2297.636908554179,79.50542166133339
Year 3,201.83055247393818,2212.6507110129464,1501.7121489563988,2300.04333412457,79.50542166133339
Year 2,205.87700152872722,2187.806195843341,1515.6167603795564,2306.9367888162283,79.50542166133339
Year 1,211.1300368509103,2157.2945510360673,1547.7814893349096,2300.030669345966,79.50542166133339
Year 0,215.62540756015235,2023.0064696639738,1617.004392370484,2360.600476973243,79.50542166133339
