type,morbidly obese,normal,obese,overweight,underweight
Year 5,3.1307084857298975,35.384625609288335,23.72534241995248,36.496479176338426,1.262844308690869
Year 4,3.1584509558877545,35.2899237760043,23.793688766014256,36.49509219340282,1.2628443086908687
Year 3,3.205826208901236,35.14519260618486,23.852821618627175,36.53331525759585,1.2628443086908687
Year 2,3.2700989975044448,34.750568517304906,24.07367900210336,36.64280917439642,1.262844308690869
Year 1,3.3535369017549077,34.26592915323997,24.58457554290627,36.533114093407974,1.2628443086908687
Year 0,3.4249402500674777,32.132930726942206,25.684094887661217,37.495189826638224,1.2628443086908687
