type,morbidly obese,normal,obese,overweight,underweight
Year 5,2.7443391276253513,38.78901006878912,21.36560213943202,35.83820435546265,1.262844308690869
Year 4,2.7572842654602323,38.70566108654935,21.51993776281168,35.75427257648787,1.262844308690869
Year 3,2.7814138485583983,38.470581710270835,21.890988634864986,35.59417149761491,1.2628443086908687
Year 2,2.9404779775947802,37.85665181383764,22.379707265438935,35.56031863443778,1.262844308690869
Year 1,3.1307084857298975,36.33254481270443,23.25502877014661,36.0188736227282,1.2628443086908687
Year 0,3.4249402500674777,32.132930726942206,25.684094887661217,37.495189826638224,1.2628443086908687
