type,morbidly obese,normal,obese,overweight,underweight
Year 5,3.4249402500674786,32.13293072694221,25.66988077841937,37.50940393588008,1.262844308690869
Year 4,3.4249402500674786,32.13293072694221,25.66988077841937,37.50940393588008,1.262844308690869
Year 3,3.4249402500674786,32.13293072694221,25.66988077841937,37.50940393588008,1.262844308690869
Year 2,3.4249402500674786,32.13293072694221,25.66988077841937,37.50940393588008,1.262844308690869
Year 1,3.4249402500674786,32.13293072694221,25.66988077841937,37.50940393588008,1.262844308690869
Year 0,3.4249402500674777,32.132930726942206,25.684094887661217,37.495189826638224,1.2628443086908687
