type,normal,obese,overweight,underweight
Year 5,43.642241330493114,26.44654965224057,18.238461838105504,11.672747179160819
Year 0,44.215068713964826,31.118022471056296,20.810921264140752,3.8559875508381323
